{
  "train_rows": 3698,
  "test_rows": 932,
  "positive_rate": 0.2526997840172786,
  "models": {
    "logistic_regression": {
      "accuracy": 0.7017167381974249,
      "precision": 0.4425287356321839,
      "recall": 0.6470588235294118,
      "f1": 0.5255972696245734,
      "classification_report": {
        "0": {
          "precision": 0.8561643835616438,
          "recall": 0.7204610951008645,
          "f1-score": 0.7824726134585289,
          "support": 694.0
        },
        "1": {
          "precision": 0.4425287356321839,
          "recall": 0.6470588235294118,
          "f1-score": 0.5255972696245734,
          "support": 238.0
        },
        "accuracy": 0.7017167381974249,
        "macro avg": {
          "precision": 0.6493465595969139,
          "recall": 0.6837599593151382,
          "f1-score": 0.6540349415415512,
          "support": 932.0
        },
        "weighted avg": {
          "precision": 0.7505363962148505,
          "recall": 0.7017167381974249,
          "f1-score": 0.7168756908914887,
          "support": 932.0
        }
      }
    },
    "random_forest": {
      "accuracy": 0.8744635193133047,
      "precision": 0.7619047619047619,
      "recall": 0.7394957983193278,
      "f1": 0.7505330490405118,
      "classification_report": {
        "0": {
          "precision": 0.9115549215406562,
          "recall": 0.920749279538905,
          "f1-score": 0.9161290322580645,
          "support": 694.0
        },
        "1": {
          "precision": 0.7619047619047619,
          "recall": 0.7394957983193278,
          "f1-score": 0.7505330490405118,
          "support": 238.0
        },
        "accuracy": 0.8744635193133047,
        "macro avg": {
          "precision": 0.836729841722709,
          "recall": 0.8301225389291164,
          "f1-score": 0.8333310406492882,
          "support": 932.0
        },
        "weighted avg": {
          "precision": 0.8733395374276273,
          "recall": 0.8744635193133047,
          "f1-score": 0.873841645985771,
          "support": 932.0
        }
      }
    },
    "xgboost": {
      "accuracy": 0.8969957081545065,
      "precision": 0.7610294117647058,
      "recall": 0.8697478991596639,
      "f1": 0.8117647058823529,
      "classification_report": {
        "0": {
          "precision": 0.953030303030303,
          "recall": 0.9063400576368876,
          "f1-score": 0.9290989660265879,
          "support": 694.0
        },
        "1": {
          "precision": 0.7610294117647058,
          "recall": 0.8697478991596639,
          "f1-score": 0.8117647058823529,
          "support": 238.0
        },
        "accuracy": 0.8969957081545065,
        "macro avg": {
          "precision": 0.8570298573975044,
          "recall": 0.8880439783982758,
          "f1-score": 0.8704318359544705,
          "support": 932.0
        },
        "weighted avg": {
          "precision": 0.904000032513981,
          "recall": 0.8969957081545065,
          "f1-score": 0.8991359253459786,
          "support": 932.0
        }
      }
    }
  },
  "top3_random_forest_or_default": {
    "top3_precision_against_evidence": 0.953125,
    "top3_hit_rate_against_evidence": 1.0,
    "evaluated_district_seasons": 64
  }
}